Date,WTI_Oil_Price,Brent_Oil_Price,Rigs_Count
8/28/2020,42.93,45.26,254
8/21/2020,42.73,44.79,254
8/14/2020,42.08,44.54,244
8/7/2020,41.57,44.36,247
7/31/2020,40.69,43.22,251
7/24/2020,41.34,43.57,251
7/17/2020,40.57,43.4,253
7/10/2020,40.44,43.06,258
7/3/2020,39.85,42.3,263
6/26/2020,39.22,41.69,265
6/19/2020,38.35,40.95,266
6/12/2020,37.87,39.52,279
6/5/2020,37.32,38.37,284
5/29/2020,34.19,33.7,301
5/22/2020,33.1,33.94,318
5/15/2020,26.4,28.18,339
5/8/2020,23.46,23.57,374
5/1/2020,15.71,17.05,408
4/24/2020,3.32,14.24,465
4/17/2020,20.12,20,529
4/10/2020,24.41,22.53,602
4/3/2020,21.69,18.72,664
3/27/2020,19.44,23.96,728
3/20/2020,24.19,25.65,772
3/13/2020,32.39,33.72,792
3/6/2020,45.57,50.7,793
2/28/2020,48.36,54.09,790
2/21/2020,53.14,58.61,791
2/14/2020,50.83,55.33,790
2/7/2020,50.36,54.59,790
1/31/2020,52.69,58.57,790
1/24/2020,56.15,62.2,794
1/17/2020,58.29,64.11,796
1/10/2020,60.84,67.93,781
1/3/2020,61.74,68.05,796
12/27/2019,61.29,68.73,805
12/20/2019,60.75,68.9,813
12/13/2019,59.25,66.5,799
12/6/2019,57.64,64.71,799
11/29/2019,58.07,64.74,802
11/22/2019,56.9,63.76,803
11/15/2019,56.85,62.56,806
11/8/2019,56.69,62.39,817
11/1/2019,55.17,60.23,822
10/25/2019,55.2,60.75,830
10/18/2019,53.49,59.32,851
10/11/2019,53.27,59.39,856
10/4/2019,53.12,59.22,855
9/27/2019,56.9,63.15,860
9/20/2019,59.33,65.56,868
9/13/2019,56.16,62.74,886
9/6/2019,55.73,60.23,898
8/30/2019,55.21,59.83,904
8/23/2019,55.5,59.57,916
8/16/2019,55.31,58.25,935
8/9/2019,53.28,57.33,934
8/2/2019,56.55,62.59,942
7/26/2019,56.05,62.8,946
7/19/2019,56.74,63.63,954
7/12/2019,59.02,65.98,958
7/5/2019,57.32,63.84,963
6/28/2019,58.38,66.51,967
6/21/2019,54.75,64.04,967
6/14/2019,52.52,63.19,969
6/7/2019,52.97,63.15,975
5/31/2019,56.93,69.29,984
5/24/2019,60.72,70.89,983
5/17/2019,62.1,73.32,987
5/10/2019,61.81,71.25,988
5/3/2019,62.9,71.59,990
4/26/2019,65.28,72.93,991
4/19/2019,63.8,70.87,1012
4/12/2019,64.1,71.33,1022
4/5/2019,62.36,69.54,1025
3/29/2019,59.49,67.25,1006
3/22/2019,59.44,67.34,1016
3/15/2019,57.81,65.71,1026
3/8/2019,56.35,64.73,1027
3/1/2019,56.12,64.56,1038
2/22/2019,56.74,66.58,1047
2/15/2019,53.88,63.36,1051
2/8/2019,53.53,61.71,1049
2/1/2019,53.63,61.38,1045
1/25/2019,52.88,61.34,1059
1/18/2019,51.92,59.83,1050
1/11/2019,50.78,58.64,1075
1/4/2019,47,54.31,1075
12/28/2018,45.22,51.03,1083
12/21/2018,46.98,54.64,1080
12/14/2018,51.54,59.51,1071
12/7/2018,52.63,60.47,1075
11/30/2018,51.01,58.65,1076
11/23/2018,54.99,61.22,1079
11/16/2018,56.92,66.21,1082
11/9/2018,61.57,70.34,1081
11/2/2018,65.06,74.09,1067
10/26/2018,67.43,78.23,1068
10/19/2018,70.24,80.41,1067
10/12/2018,72.96,83.05,1063
10/5/2018,75.13,85.44,1052
9/28/2018,72.84,81.85,1054
9/21/2018,70.28,78.97,1053
9/14/2018,68.96,78.11,1055
9/7/2018,68.51,76.64,1048
8/31/2018,69.66,76.08,1048
8/24/2018,68.1,72.77,1044
8/17/2018,66.15,69.82,1057
8/10/2018,67.9,71.42,1057
8/3/2018,69.46,73.37,1044
7/27/2018,70.01,74,1048
7/20/2018,68.95,71.27,1046
7/13/2018,71.96,75.29,1054
7/6/2018,73.73,76.33,1052
6/29/2018,74.03,75.24,1047
6/22/2018,66.32,74.12,1052
6/15/2018,66.21,74.26,1059
6/8/2018,65.35,73.98,1062
6/1/2018,66.96,75.35,1060
5/25/2018,70.98,78.59,1059
5/18/2018,71.3,78.75,1046
5/11/2018,70.56,76.68,1045
5/4/2018,68.38,74.42,1032
4/27/2018,67.91,74.98,1021
4/20/2018,67.55,73.39,1013
4/13/2018,66.02,71.24,1008
4/6/2018,63.07,67.03,1003
3/30/2018,64.97,68.65,993
3/23/2018,64.11,67.4,995
3/16/2018,61.28,64.14,990
3/9/2018,61.65,65.12,984
3/2/2018,62.07,66.02,981
2/23/2018,62.47,65.52,978
2/16/2018,60.56,62.72,975
2/9/2018,62.01,65.5,975
2/2/2018,65.32,68,946
1/26/2018,65.14,70.04,947
1/19/2018,63.77,69.39,936
1/12/2018,63.26,69.47,939
1/5/2018,61.36,67.81,924
12/29/2017,59.88,66.52,929
12/22/2017,57.87,64.36,931
12/15/2017,57.17,64.35,930
12/8/2017,56.92,63.08,931
12/1/2017,57.81,63.73,929
11/24/2017,57.47,62.68,923
11/17/2017,55.81,61.52,915
11/10/2017,57.05,64.29,907
11/3/2017,54.59,61.04,898
10/27/2017,52.51,58.58,909
10/20/2017,51.74,57.78,913
10/13/2017,50.77,56.21,928
10/6/2017,50.23,56.08,936
9/29/2017,51.77,58.75,940
9/22/2017,50.12,57.03,935
9/15/2017,49.07,55.54,936
9/8/2017,48.58,53.88,944
9/1/2017,46.68,52.25,943
8/25/2017,47.68,52.03,940
8/18/2017,47.52,50.58,946
8/11/2017,49.08,51.96,949
8/4/2017,49.52,52.04,954
7/28/2017,48.27,49.95,958
7/21/2017,46.41,47.99,950
7/14/2017,45.51,47.1,952
7/7/2017,44.96,48.17,952
6/30/2017,44.63,46.16,940
6/23/2017,43.09,44.63,941
6/16/2017,45.3,46.18,933
6/9/2017,46.57,47.28,927
6/2/2017,48.48,50.23,916
5/26/2017,50.21,52.58,908
5/19/2017,49.24,51.75,901
5/12/2017,47.04,48,885
5/5/2017,47.21,48.7,877
4/28/2017,49.12,49.55,870
4/21/2017,51.09,52.08,857
4/14/2017,53.19,54.83,847
4/7/2017,51.26,53.28,839
3/31/2017,49.14,51.33,824
3/24/2017,47.28,50.1,809
3/17/2017,48.03,50.29,789
3/10/2017,50.5,52.78,768
3/3/2017,53.56,54.4,756
2/24/2017,54.03,55.4,754
2/17/2017,53.22,54.46,751
2/10/2017,52.88,54.48,741
2/3/2017,53.33,55.53,729
1/27/2017,52.74,54.91,712
1/20/2017,51.82,54.19,694
1/13/2017,52.07,54.02,659
1/6/2017,53.34,55.13,665
12/30/2016,53.6,54.96,658
12/23/2016,51.95,53.81,653
12/16/2016,51.91,53.26,637
12/9/2016,50.97,52.26,624
12/2/2016,48.63,48.78,597
11/25/2016,47.25,46.49,593
11/18/2016,45.15,44.01,588
11/11/2016,44.61,43.09,568
11/4/2016,45.51,44.63,569
10/28/2016,49.36,48.95,557
10/21/2016,50.56,50.33,553
10/14/2016,50.29,49.94,539
10/7/2016,49.48,49.52,524
9/30/2016,46.55,46.74,522
9/23/2016,44.59,46.24,511
9/16/2016,44.34,46.21,506
9/9/2016,45.96,47.51,508
9/2/2016,45.11,47.31,497
8/26/2016,47.05,48.65,489
8/19/2016,47.16,48.6,491
8/12/2016,43.11,43.63,481
8/5/2016,40.82,40.88,464
7/29/2016,41.83,42.55,463
7/22/2016,44.44,45.22,462
7/15/2016,45.6,45.54,447
7/8/2016,46.17,45.96,440
7/1/2016,48.17,47.09,431
6/24/2016,48.71,48.12,421
6/17/2016,47.89,47.39,424
6/10/2016,50.18,49.94,414
6/3/2016,49,48.91,408
5/27/2016,48.72,48.73,404
5/20/2016,47.99,48.34,404
5/13/2016,45.44,45.2,406
5/6/2016,44.22,44.2,415
4/29/2016,44.3,44.46,420
4/22/2016,41.86,43.04,431
4/15/2016,41.23,42.35,440
4/8/2016,36.72,37.51,443
4/1/2016,36.82,37,450
3/25/2016,39.45,39.41,464
3/18/2016,38.32,38.5,476
3/11/2016,37.69,39.3,480
3/4/2016,34.43,36.28,489
2/26/2016,31.32,33.12,502
2/19/2016,30.02,32.29,514
2/12/2016,28.14,30.41,541
2/5/2016,31.26,32.18,571
1/29/2016,31.81,31.75,619
1/22/2016,29.19,27.76,637
1/15/2016,30.59,29.1,650
1/8/2016,34.65,34.19,664
1/1/2016,36.99,36.55,698
12/25/2015,36.26,35.9,700
12/18/2015,35.78,36.84,709
12/11/2015,36.93,38.76,709
12/4/2015,40.4,42.41,737
11/27/2015,40.49,43.65,744
11/20/2015,40.62,41.54,757
11/13/2015,42.7,44.75,767
11/6/2015,45.98,47.23,771
10/30/2015,44.99,47.15,775
10/23/2015,45.16,46.81,787
10/16/2015,46.82,48.99,787
10/9/2015,48.36,51.33,795
10/2/2015,45,46.99,809
9/25/2015,45.57,47.33,838
9/18/2015,45.48,47.34,842
9/11/2015,45.16,47.6,848
9/4/2015,46.73,48.87,864
8/28/2015,40.73,43.53,877
8/21/2015,41.34,46,885
8/14/2015,43.2,47.94,884
8/7/2015,44.94,48.59,884
7/31/2015,47.91,54.14,874
7/24/2015,49.21,55.75,876
7/17/2015,51.68,57.17,857
7/10/2015,52.38,56.63,863
7/3/2015,57.92,60.36,862
6/26/2015,60.01,60.84,859
6/19/2015,59.89,60.65,857
6/12/2015,60.07,63.24,859
6/5/2015,59.66,61.9,868
5/29/2015,58.19,61.57,875
5/22/2015,58.95,64.31,885
5/15/2015,60.01,64.9,888
5/8/2015,59.73,65.01,894
5/1/2015,57.98,63.49,905
4/24/2015,56.14,61.41,932
4/17/2015,54.78,59.12,954
4/10/2015,51.78,56.51,988
4/3/2015,48.91,54.79,1028
3/27/2015,48.68,55.01,1048
3/20/2015,44.39,52.72,1069
3/13/2015,47.69,56.51,1125
3/6/2015,50.38,60.12,1192
2/27/2015,49.16,60.63,1267
2/20/2015,51.69,60.57,1310
2/13/2015,51.14,56.57,1358
2/6/2015,50.58,54.62,1456
1/30/2015,45.32,46.76,1543
1/23/2015,46.46,46.44,1633
1/16/2015,47.07,46.58,1676
1/9/2015,48.77,49.47,1750
1/2/2015,53.44,56.03,1811
12/26/2014,55.58,58.69,1840
12/19/2014,55.89,59.77,1875
12/12/2014,61.14,64.08,1893
12/5/2014,67.18,69.72,1920
11/28/2014,72.36,76.63,1917
11/21/2014,75.38,77.62,1929
11/14/2014,76.5,79.9,1928
11/7/2014,78.24,83.04,1925
10/31/2014,81.29,85.56,1929
10/24/2014,82.12,85.58,1927
10/17/2014,82.88,85.5,1918
10/10/2014,87.63,90.19,1930
10/3/2014,91.44,93.41,1922
9/26/2014,93.15,95.01,1931
9/19/2014,93.52,97.02,1931
9/12/2014,92.43,97.32,1931
9/5/2014,94.06,100.45,1925
8/29/2014,96.25,100.64,1914
8/22/2014,94.95,99.88,1896
8/15/2014,97.17,101.94,1913
8/8/2014,97.5,103.6,1908
8/1/2014,102.19,105.71,1889
7/25/2014,104.35,106.34,1883
7/18/2014,102.37,105.39,1871
7/11/2014,103.25,107.03,1875
7/4/2014,105.52,110.26,1874
6/27/2014,106.69,113.09,1873
6/20/2014,107.23,114.29,1858
6/13/2014,105.97,110.98,1854
6/6/2014,103.23,108.98,1860
5/30/2014,103.95,109.62,1866
5/23/2014,103.82,110.72,1857
5/16/2014,101.92,109.53,1861
5/9/2014,100.29,108.48,1855
5/2/2014,100.51,109.15,1854
4/25/2014,102.11,109.21,1861
4/18/2014,103.95,109.07,1831
4/11/2014,102.72,106.51,1831
4/4/2014,100.46,105.26,1818
3/28/2014,100.66,106.54,1809
3/21/2014,99.77,106.53,1803
3/14/2014,99.55,108.01,1809
3/7/2014,103.07,109.14,1792
2/28/2014,102.77,109.17,1769
2/21/2014,102.93,109.74,1771
2/14/2014,100.21,109.12,1764
2/7/2014,97.78,107.73,1771
1/31/2014,97.29,108.83,1785
1/24/2014,96.19,109.14,1777
1/17/2014,92.98,107.83,1777
1/10/2014,92.42,107.01,1754
1/3/2014,96.47,108.73,1751
12/27/2013,99.15,111.72,1757
12/20/2013,97.85,110.34,1768
12/13/2013,97.23,109.1,1782
12/6/2013,96.21,112.28,1775
11/29/2013,92.97,111.32,1763
11/22/2013,93.92,109.32,1761
11/15/2013,93.94,107.1,1762
11/8/2013,94.31,104.54,1754
11/1/2013,96.94,107.61,1742
10/25/2013,97.57,107.82,1738
10/18/2013,101.51,110.11,1739
10/11/2013,102.7,110.3,1743
10/4/2013,103.14,108.63,1756
9/27/2013,103.1,108.8,1744
9/20/2013,106.22,109.98,1761
9/13/2013,108.36,113.22,1768
9/6/2013,108.77,116.03,1767
8/30/2013,108.33,115.32,1776
8/23/2013,105.48,111.12,1776
8/16/2013,106.97,110.73,1791
8/9/2013,105.17,108.56,1778
8/2/2013,105.54,108.61,1782
7/26/2013,105.88,108.4,1776
7/19/2013,106.88,109.41,1770
7/12/2013,104.7,108.26,1759
7/5/2013,100.65,105.18,1757
6/28/2013,95.83,101.43,1748
6/21/2013,96.65,103.93,1759
6/14/2013,96.36,103.39,1771
6/7/2013,94.25,102.92,1765
5/31/2013,93.32,102.03,1771
5/24/2013,94.76,102.3,1762
5/17/2013,94.65,102.91,1769
5/10/2013,95.84,103.77,1769
5/3/2013,93.4,101.53,1764
4/26/2013,91,100.61,1754
4/19/2013,88,98.09,1758
4/12/2013,93.36,103.25,1771
4/5/2013,95.07,107.06,1738
3/29/2013,96.08,107.68,1748
3/22/2013,93.05,107.33,1746
3/15/2013,92.7,108.41,1776
3/8/2013,91,109.98,1752
3/1/2013,92.19,112.42,1757
2/22/2013,94.38,115.3,1761
2/15/2013,96.95,118.1,1762
2/8/2013,96.18,117.15,1759
2/1/2013,97.33,115.13,1764
1/25/2013,95.41,113.72,1753
1/18/2013,94.58,111.35,1749
1/11/2013,93.38,112.37,1761
1/4/2013,92.77,112.35,1762
12/28/2012,90.14,109.81,1763
12/21/2012,88.24,109.79,1774
12/14/2012,85.71,109.1,1799
12/7/2012,87,109.08,1800
11/30/2012,87.27,109.82,1811
11/23/2012,87.4,110.26,1817
11/16/2012,85.87,109.12,1809
11/9/2012,85.98,107.78,1806
11/2/2012,85.87,108.85,1800
10/26/2012,86.35,108.27,1826
10/19/2012,91.59,113.59,1839
10/12/2012,91.42,114.88,1835
10/5/2012,90.81,111.41,1837
9/28/2012,91.35,110.35,1848
9/21/2012,93.7,111.83,1859
9/14/2012,97.56,115.41,1864
9/7/2012,95.68,114.11,1864
8/31/2012,95.68,113.02,1894
8/24/2012,96.22,116.1,1898
8/17/2012,94.43,115.04,1914
8/10/2012,93.14,112.49,1931
8/3/2012,89.1,107.27,1930
7/27/2012,88.88,104.18,1924
7/20/2012,90.34,105.4,1935
7/13/2012,85.78,99.88,1953
7/6/2012,85.74,98.8,1965
6/29/2012,80.23,91.23,1959
6/22/2012,81.11,92.46,1966
6/15/2012,83.27,97.21,1971
6/8/2012,84.43,99.03,1984
6/1/2012,87.06,103.47,1980
5/25/2012,90.88,108.14,1983
5/18/2012,93.11,109.87,1986
5/11/2012,96.98,111.78,1974
5/4/2012,103.47,116.67,1965
4/27/2012,103.78,118.1,1945
4/20/2012,103.15,117.18,1972
4/13/2012,102.55,120.87,1950
4/6/2012,103.52,124.18,1979
3/30/2012,105.12,124.43,1979
3/23/2012,106.41,124.35,1968
3/16/2012,106.15,126.22,1984
3/9/2012,106.32,126.62,1973
3/2/2012,107.52,124.88,1989
2/24/2012,107.18,123.34,1981
2/17/2012,101.73,119.79,1994
2/10/2012,98.56,117.21,1989
2/3/2012,97.8,111.2,1997
1/27/2012,99.35,109.18,2008
1/20/2012,99.95,109.6,2008
1/13/2012,100.43,111.78,1987
1/6/2012,102.39,112.51,2007
12/30/2011,99.81,107.51,2007
12/23/2011,97.74,107.72,2008
12/16/2011,96.06,106.26,2019
12/9/2011,100.08,109.31,1987
12/2/2011,99.91,110.05,1993
11/25/2011,96.89,106.67,2000
11/18/2011,99.32,110.69,2001
11/11/2011,96.97,114.68,2016
11/4/2011,93.24,109.84,2026
10/28/2011,92.32,111.33,2021
10/21/2011,86.82,111.47,2013
10/14/2011,85.35,111.59,2023
10/7/2011,79.43,104.03,2012
9/30/2011,81.18,107.69,1990
9/23/2011,83.65,111.98,1991
9/16/2011,88.93,114.98,1985
9/9/2011,87.91,115.97,1958
9/2/2011,88.07,116.11,1968
8/26/2011,85.06,111.06,1975
8/19/2011,85.36,109.54,1974
8/12/2011,82.86,105.3,1959
8/5/2011,90.85,112.65,1920
7/29/2011,97.83,117.7,1908
7/22/2011,98.01,118.2,1916
7/15/2011,96.72,117.72,1905
7/8/2011,97.12,115.39,1887
7/1/2011,93.7,109.03,1886
6/24/2011,92.7,110.18,1882
6/17/2011,95.87,116.79,1860
6/10/2011,100.05,117.73,1855
6/3/2011,100.92,115.68,1854
5/27/2011,99.55,113.41,1847
5/20/2011,97.99,112.02,1830
5/13/2011,99.87,114.53,1830
5/6/2011,105.84,119.56,1836
4/29/2011,112.3,125.36,1818
4/22/2011,109.11,122.74,1800
4/15/2011,107.75,123.57,1772
4/8/2011,109.29,123.03,1782
4/1/2011,105.08,116.49,1776
3/25/2011,104.41,115.41,1738
3/18/2011,99.79,112.67,1720
3/11/2011,103.74,114.45,1715
3/4/2011,101.05,114.53,1707
2/25/2011,95.26,110.49,1699
2/18/2011,84.13,102.81,1713
2/11/2011,85.51,99.9,1721
2/4/2011,89.52,100.36,1739
1/28/2011,86.11,96.62,1732
1/21/2011,89.75,97.34,1713
1/14/2011,91.02,97.09,1700
1/7/2011,89.54,94.72,1700
12/31/2010,90.97,93.17,1694
12/24/2010,89.66,92.9,1714
12/17/2010,88.27,90.91,1709
12/10/2010,88.5,90.25,1723
12/3/2010,86.75,88.1,1713
11/26/2010,82.28,83.51,1687
11/19/2010,82.23,83.94,1677
11/12/2010,86.91,87.43,1685
11/5/2010,84.93,85.6,1683
10/29/2010,82.03,82.25,1672
10/22/2010,81.15,81.43,1669
10/15/2010,82.16,83.11,1670
10/8/2010,82.29,83.87,1671
10/1/2010,78.41,79.82,1659
9/24/2010,73.76,78.38,1650
9/17/2010,75.62,78.44,1661
9/10/2010,74.82,77.17,1654
9/3/2010,74.02,75.41,1653
8/27/2010,72.91,72.82,1656
8/20/2010,74.84,74.94,1651
8/13/2010,78.17,78.21,1640
8/6/2010,81.79,82.69,1605
7/30/2010,78.12,77.24,1586
7/23/2010,77.56,76.64,1585
7/16/2010,76.35,75.7,1571
7/9/2010,74.39,73.95,1567
7/2/2010,74.96,73.86,1557
6/25/2010,77.06,76.64,1552
6/18/2010,76.7,76.22,1539
6/11/2010,73.44,72.76,1527
6/4/2010,72.91,72.71,1506
5/28/2010,70.62,70.79,1535
5/21/2010,69.14,72.17,1518
5/14/2010,74.98,78.32,1506
5/7/2010,80.24,82.5,1492
4/30/2010,84.22,85.98,1483
4/23/2010,82.9,84.61,1482
4/16/2010,84.34,85.23,1491
4/9/2010,85.66,83.88,1476
4/2/2010,83.01,80.59,1465
3/26/2010,80.65,78.38,1444
3/19/2010,81.44,79.05,1427
3/12/2010,81.76,79.36,1407
3/5/2010,80.19,77.86,1396
2/26/2010,79.22,76.23,1373
2/19/2010,78.25,75.8,1345
2/12/2010,73.88,70.85,1346
2/5/2010,74.57,72.54,1335
1/29/2010,73.94,71.88,1317
1/22/2010,76.62,74.28,1282
1/15/2010,80.06,78.31,1248
1/8/2010,82.34,79.82,1220
1/1/2010,79.07,77.19,1189
12/25/2009,74.76,73.35,1178
12/18/2009,71.72,71.8,1193
12/11/2009,71.51,73.14,1161
12/4/2009,76.81,77.78,1141
11/27/2009,76.14,76.52,1137
11/20/2009,78.37,77.04,1113
11/13/2009,78.24,76.25,1101
11/6/2009,79,76.6,1078
10/30/2009,78.47,76.07,1069
10/23/2009,80.06,77.24,1048
10/16/2009,75.73,72.29,1040
10/9/2009,70.8,67.87,1041
10/2/2009,68.84,65.9,1024
9/25/2009,68.33,66.96,1017
9/18/2009,71.32,68.85,1010
9/11/2009,70.91,69.17,999
9/4/2009,68.39,67.6,1009
8/28/2009,72.37,72.33,999
8/21/2009,70.8,71.52,985
8/14/2009,69.64,72.9,968
8/7/2009,71.58,73.99,966
7/31/2009,67.03,68.6,948
7/24/2009,65.28,66.56,943
7/17/2009,61.29,61.11,920
7/10/2009,61.48,60.39,916
7/3/2009,69.32,68.03,928
6/26/2009,68.58,67.58,917
6/19/2009,70.62,69.68,899
6/12/2009,70.85,69.88,876
6/5/2009,68.11,67.17,887
5/29/2009,64.32,62.2,899
5/22/2009,60.32,57.89,900
5/15/2009,57.94,56.39,918
5/8/2009,55.96,54.83,928
5/1/2009,50.2,49.92,945
4/24/2009,47.8,48.97,955
4/17/2009,49.86,51.59,975
4/10/2009,50.46,51.48,1043
4/3/2009,50.34,48.49,1043
3/27/2009,52.99,51.46,1039
3/20/2009,49.49,46.43,1085
3/13/2009,45.66,43.98,1126
3/6/2009,43.18,43.86,1170
2/27/2009,41.1,42.68,1243
2/20/2009,37.15,40.91,1300
2/13/2009,36.94,45.59,1339
2/6/2009,40.78,43.64,1399
1/30/2009,42.7,44.2,1472
1/23/2009,42.15,41.67,1515
1/16/2009,36.73,42.38,1568
1/9/2009,44.46,45.25,1589
1/2/2009,42.4,37.04,1623
12/26/2008,32.98,35.38,1721
12/19/2008,39.7,41.71,1764
12/12/2008,44.57,41.01,1790
12/5/2008,45.6,43.7,1852
11/28/2008,53.27,48.53,1866
11/21/2008,52.26,47.79,1941
11/14/2008,58.6,53.27,1941
11/7/2008,64.31,59.43,1992
10/31/2008,65.21,60.61,1971
10/24/2008,68.56,64.4,1964
10/17/2008,75.19,69.28,1976
10/10/2008,86.24,80.98,1990
10/3/2008,96.59,91.9,1979
9/26/2008,111.12,100.91,1995
9/19/2008,97.19,89.35,2018
9/12/2008,102.88,97.28,2031
9/5/2008,108.37,103.69,2013
8/29/2008,116.09,112.4,2031
8/22/2008,115.7,111.66,1998
8/15/2008,114.4,110.16,1990
8/8/2008,118.8,116.56,1967
8/1/2008,124.57,124.43,1951
7/25/2008,125.92,126.7,1957
7/18/2008,135.37,135.05,1928
7/11/2008,139.95,137.43,1922
7/4/2008,142.52,141.07,1921
6/27/2008,137,135.54,1913
6/20/2008,134.34,132.08,1906
6/13/2008,134.8,134.12,1901
6/6/2008,128.16,126.33,1886
5/30/2008,128.47,128.76,1877
5/23/2008,130.14,126.47,1889
5/16/2008,124.96,122.58,1862
5/9/2008,123.01,119.84,1846
5/2/2008,115.42,111.98,1839
4/25/2008,118.53,114.34,1842
4/18/2008,114.33,110.42,1827
4/11/2008,109.71,106.6,1815
4/4/2008,103.46,100.88,1830
3/28/2008,104.49,102.05,1808
3/21/2008,105.28,103.05,1784
3/14/2008,109.35,107.69,1792
3/7/2008,103.44,101.9,1802
2/29/2008,100.84,99.1,1763
2/22/2008,99.61,97.13,1771
2/15/2008,94.13,94.98,1773
2/8/2008,89.08,89.88,1755
2/1/2008,91.14,91.77,1763
1/25/2008,89.41,88.46,1747
1/18/2008,91.51,90.03,1732
1/11/2008,94.76,94.4,1744
1/4/2008,98.17,96.5,1774
12/28/2007,95.64,94.39,1782
12/21/2007,91.16,90.82,1809
12/14/2007,91.18,90.24,1824
12/7/2007,88.71,89.09,1828
11/30/2007,92.47,92.16,1823
11/23/2007,97.93,94.01,1773
11/16/2007,93.56,90.74,1797
11/9/2007,95.81,93.54,1801
11/2/2007,93.46,90.42,1795
10/26/2007,89.23,83.72,1760
10/19/2007,87.8,84.29,1764
10/12/2007,81.46,78.85,1767
10/5/2007,80.59,77.98,1755
9/28/2007,81.7,78.15,1760
9/21/2007,82.26,78.17,1769
9/14/2007,78.95,76.89,1787
9/7/2007,75.96,75.06,1814
8/31/2007,72.93,70.55,1829
8/24/2007,70.19,68.44,1816
8/17/2007,72.05,70.09,1795
8/10/2007,71.92,70.7,1798
8/3/2007,76.75,76.34,1781
7/27/2007,75.15,76.66,1775
7/20/2007,74.92,78.24,1790
7/13/2007,72.79,77.76,1791
7/6/2007,71.78,74.79,1752
6/29/2007,69.13,71.76,1775
6/22/2007,68.78,71.78,1771
6/15/2007,66.62,69.89,1773
6/8/2007,65.9,71.23,1760
6/1/2007,63.94,68.45,1774
5/25/2007,64.89,70.65,1760
5/18/2007,63.61,67.55,1744
5/11/2007,61.9,63.91,1740
5/4/2007,63.82,66.04,1747
4/27/2007,65.26,67.39,1747
4/20/2007,63.06,66.21,1769
4/13/2007,62.58,68.2,1758
4/6/2007,64.82,68.55,1726
3/30/2007,64.18,66.1,1749
3/23/2007,58.26,61.09,1745
3/16/2007,57.94,60.87,1740
3/9/2007,60.85,60.35,1757
3/2/2007,61.64,60.62,1752
2/23/2007,59.57,58.16,1754
2/16/2007,58.41,55.54,1746
2/9/2007,58.99,57.9,1731
2/2/2007,57.11,55.92,1714
1/26/2007,53.57,54.87,1699
1/19/2007,51.51,51.4,1745
1/12/2007,54.11,51.79,1717
1/5/2007,57.76,55.63,1695
12/29/2006,60.66,59.69,1710
12/22/2006,62.4,62.44,1723
12/15/2006,61.91,62.56,1716
12/8/2006,62.32,63.63,1724
12/1/2006,62.02,62.59,1717
11/24/2006,57.24,59.2,1697
11/17/2006,57.56,57.85,1696
11/10/2006,59.96,58.02,1693
11/3/2006,58.55,56.48,1739
10/27/2006,58.88,57.73,1744
10/20/2006,58.48,58.51,1739
10/13/2006,58.58,58.33,1728
10/6/2006,59.77,57.15,1724
9/29/2006,61.94,58.76,1744
9/22/2006,61.4,60.23,1754
9/15/2006,63.98,61.38,1737
9/8/2006,67.53,65.76,1728
9/1/2006,70.01,68.35,1732
8/25/2006,72.12,71.92,1756
8/18/2006,71.79,72.35,1762
8/11/2006,75.63,76.98,1728
8/4/2006,75.2,76.32,1705
7/28/2006,73.87,73.53,1714
7/21/2006,73.98,73.52,1683
7/14/2006,75.21,73.99,1668
7/7/2006,74.65,73.45,1659
6/30/2006,72.65,71.82,1666
6/23/2006,69.94,68.33,1669
6/16/2006,69.48,66.17,1672
6/9/2006,71.54,67.89,1661
6/2/2006,71.53,68.75,1657
5/26/2006,70.35,68.47,1649
5/19/2006,69.07,67.84,1639
5/12/2006,71.5,70.44,1627
5/5/2006,72.14,72.92,1625
4/28/2006,70.38,72.84,1608
4/21/2006,71.87,72.54,1591
4/14/2006,68.85,68.91,1610
4/7/2006,66.56,66.93,1579
3/31/2006,65.67,64.76,1576
3/24/2006,61.36,61.61,1571
3/17/2006,62.64,62.42,1546
3/10/2006,60.89,59.5,1532
3/3/2006,62.27,61.06,1531
2/24/2006,59.93,59.39,1543
2/17/2006,59.37,58.04,1545
2/10/2006,63.06,61.23,1532
2/3/2006,66.59,64,1513
1/27/2006,66.82,63.77,1487
1/20/2006,66.79,63.54,1472
1/13/2006,63.74,62.18,1467
1/6/2006,63.39,61.72,1464
12/30/2005,59.82,57.38,1471
12/23/2005,57.97,56.36,1475
12/16/2005,60.32,58.75,1463
12/9/2005,59.83,56.07,1483
12/2/2005,57.78,53.59,1460
11/25/2005,58.13,53.57,1491
11/18/2005,57,53.77,1478
11/11/2005,58.8,56.79,1479
11/4/2005,60.34,58.74,1496
10/28/2005,61.33,58.5,1480
10/21/2005,62.28,58.15,1474
10/14/2005,62.87,58.59,1482
10/7/2005,63.06,58.93,1481
9/30/2005,66.06,62.16,1483
9/23/2005,66.43,63.63,1451
9/16/2005,63.84,61.22,1436
9/9/2005,64.81,63.24,1441
9/2/2005,68.47,66.09,1447
8/26/2005,66.34,65.68,1444
8/19/2005,64.92,64.23,1433
8/12/2005,64.85,64.46,1429
8/5/2005,61.64,60.42,1436
7/29/2005,59.39,58.5,1412
7/22/2005,57.3,56.39,1410
7/15/2005,59.18,57.43,1404
7/8/2005,60.36,57.98,1394
7/1/2005,58.21,56.69,1370
6/24/2005,59.04,56.95,1370
6/17/2005,56.18,54.17,1358
6/10/2005,53.74,51.9,1339
6/3/2005,53.76,50.46,1353
5/27/2005,50.15,48.59,1331
5/20/2005,47.77,46.98,1315
5/13/2005,50.33,48.7,1308
5/6/2005,50.64,50.05,1324
4/29/2005,52,51.64,1325
4/22/2005,52.39,51.23,1343
4/15/2005,51.44,50.43,1348
4/8/2005,55.24,53.79,1327
4/1/2005,54.97,52.23,1329
3/25/2005,52.95,53.76,1331
3/18/2005,55.93,54.85,1320
3/11/2005,54.22,53.09,1282
3/4/2005,52.74,51.33,1290
2/25/2005,51.75,48.23,1281
2/18/2005,47.82,45.22,1295
2/11/2005,46.08,43.29,1280
2/4/2005,46.97,44.04,1248
1/28/2005,48.56,45.82,1256
1/21/2005,47.85,45.08,1263
1/14/2005,46.79,44.59,1258
1/7/2005,44.07,42.07,1242
12/31/2004,42.52,39.79,1243
12/24/2004,44.39,41.15,1257
12/17/2004,43.5,39.98,1234
12/10/2004,41.91,37.6,1250
12/3/2004,46.06,41.31,1245
11/26/2004,48.79,42.78,1251
11/19/2004,47.02,40.63,1268
11/12/2004,48,42.83,1259
11/5/2004,49.81,45.78,1268
10/29/2004,53.43,50.15,1251
10/22/2004,54.43,50.5,1250
10/15/2004,54.12,50.96,1225
10/8/2004,51.77,48.09,1230
10/1/2004,49.71,47.11,1243
9/24/2004,47.82,45.3,1239
9/17/2004,44.39,41.55,1232
9/10/2004,43.33,40.6,1240
9/3/2004,43.28,41,1249
8/27/2004,44.34,42.23,1239
8/20/2004,47.28,44.56,1230
8/13/2004,45.24,43.16,1232
8/6/2004,43.81,42.01,1235
7/30/2004,42.5,40.66,1229
7/23/2004,41.27,39.05,1216
7/16/2004,40.33,37.76,1211
7/9/2004,39.73,36.51,1207
7/2/2004,37.14,34,1201
6/25/2004,37.7,34.71,1176
6/18/2004,37.86,35.09,1171
6/11/2004,37.99,35.34,1187
6/4/2004,40.01,37.25,1168
5/28/2004,40.65,37.95,1169
5/21/2004,40.84,38.43,1172
5/14/2004,40.37,37.62,1162
5/7/2004,39.24,36.38,1153
4/30/2004,37.31,34.64,1161
4/23/2004,37.32,33.7,1146
4/16/2004,37.39,33.95,1150
4/9/2004,35.7,32.75,1138
4/2/2004,35.23,32.23,1160
3/26/2004,36.65,33.59,1150
3/19/2004,37.78,34.56,1128
3/12/2004,36.44,33.36,1134
3/5/2004,36.67,33.73,1129
2/27/2004,36.08,32.27,1134
2/20/2004,35.54,31.39,1114
2/13/2004,33.88,30.12,1111
2/6/2004,33.41,29.66,1117
1/30/2004,33.61,30.39,1084
1/23/2004,35.45,31.88,1087
1/16/2004,34.51,31.7,1127
1/9/2004,33.89,31.5,1106
1/2/2004,32.68,29.78,1126
12/26/2003,32.24,28.84,1114
12/19/2003,33.2,30.87,1112
12/12/2003,32.16,30.17,1109
12/5/2003,30.63,28.93,1111
11/28/2003,30.11,28.34,1113
11/21/2003,32.58,29.61,1107
11/14/2003,31.56,29.01,1111
11/7/2003,29.79,28.05,1114
10/31/2003,29.28,28.46,1107
10/24/2003,30.17,29.66,1090
10/17/2003,31.49,31,1115
10/10/2003,30.69,29.88,1109
10/3/2003,29.43,28.38,1091
9/26/2003,27.73,26.49,1095
9/19/2003,27.39,25.9,1092
9/12/2003,28.92,27.57,1095
9/5/2003,29.2,28.16,1091
8/29/2003,31.56,30.12,1102
8/22/2003,31.19,29.7,1082
8/15/2003,31.31,29.6,1096
8/8/2003,32.11,30.19,1074
8/1/2003,30.73,28.52,1097
7/25/2003,30.61,28.02,1091
7/18/2003,31.48,28.74,1089
7/11/2003,30.73,28.42,1065
7/4/2003,30.31,28.4,1077
6/27/2003,30.01,27.19,1074
6/20/2003,30.6,26.88,1067
6/13/2003,31.46,28.38,1071
6/6/2003,30.68,27.92,1054
5/30/2003,29.1,26.56,1059
5/23/2003,29.29,27.19,1050
5/16/2003,28.54,26.21,1040
5/9/2003,26.58,24.31,1021
5/2/2003,25.69,23.55,1001
4/25/2003,28.43,24.66,986
4/18/2003,29.28,24.92,994
4/11/2003,28.03,24.96,979
4/4/2003,29.33,26.93,972
3/28/2003,30.43,26.95,962
3/21/2003,30.46,28.18,946
3/14/2003,36.66,33.72,927
3/7/2003,36.98,34.11,929
2/28/2003,36.98,33.72,912
2/21/2003,36.78,33,928
2/14/2003,35.79,32.79,905
2/7/2003,33.95,31.58,884
1/31/2003,33.19,31.2,873
1/24/2003,34.46,31.81,862
1/17/2003,33.04,31.48,845
1/10/2003,31.54,30.37,851
1/3/2003,31.96,30.97,837
12/27/2002,32.38,31.01,862
12/20/2002,30.35,29.56,860
12/13/2002,27.82,26.84,850
12/6/2002,27.14,25.91,852
11/29/2002,26.83,25.19,835
11/22/2002,26.98,24.16,826
11/15/2002,25.68,23.4,830
11/8/2002,25.97,24.3,826
11/1/2002,27.03,25.55,854
10/25/2002,27.88,26.62,856
10/18/2002,29.65,28.45,843
10/11/2002,29.37,28.17,849
10/4/2002,30.25,28.89,857
9/27/2002,30.63,29.17,875
9/20/2002,29.39,28.32,852
9/13/2002,29.59,28.51,863
9/6/2002,28.65,27.45,851
8/30/2002,28.84,27.53,847
8/23/2002,30.09,27.58,838
8/16/2002,28.52,26.44,853
8/9/2002,26.77,25.52,854
8/2/2002,26.87,25.68,848
7/26/2002,26.64,25.45,833
7/19/2002,27.62,26.28,859
7/12/2002,26.7,25.55,848
7/5/2002,26.81,25.63,862
6/28/2002,26.52,25.16,840
6/21/2002,25.61,24.55,838
6/14/2002,24.94,23.2,844
6/7/2002,25.01,22.99,847
5/31/2002,25.22,24,854
5/24/2002,27.18,24.61,859
5/17/2002,28.43,26.35,829
5/10/2002,27.27,26.15,812
5/3/2002,26.88,26.41,776
4/26/2002,26.46,26.24,766
4/19/2002,25.54,24.89,749
4/12/2002,25.24,24.89,747
4/5/2002,26.99,26.42,738
3/29/2002,25.86,25.03,761
3/22/2002,25.25,24.43,750
3/15/2002,24.4,23.42,753
3/8/2002,23.31,22.27,769
3/1/2002,21.43,20.6,782
2/22/2002,20.7,20.02,792
2/15/2002,21.18,20.99,815
2/8/2002,19.97,19.91,838
2/1/2002,19.71,19.3,853
1/25/2002,19.21,18.77,859
1/18/2002,18.61,18.52,869
1/11/2002,20.54,20.42,856
1/4/2002,20.8,20.29,883
12/28/2001,20.94,19.1,887
12/21/2001,19.2,18.74,882
12/14/2001,18.45,18.02,907
12/7/2001,19.47,18.99,928
11/30/2001,19.13,18.8,952
11/23/2001,18.28,18.57,986
11/16/2001,19.61,18.42,993
11/9/2001,20.7,19.31,1010
11/2/2001,21.17,19.72,1058
10/26/2001,21.78,20.46,1063
10/19/2001,21.92,19.88,1100
10/12/2001,22.66,20.91,1141
10/5/2001,22.6,21.11,1141
9/28/2001,22.35,20.95,1168
9/21/2001,27.09,26.41,1186
9/14/2001,28.22,28.47,1202
9/7/2001,27.38,26.64,1216
8/31/2001,26.84,26.57,1252
8/24/2001,27.25,25.48,1251
8/17/2001,27.52,25.41,1242
8/10/2001,27.87,25.6,1248
8/3/2001,27.1,24.83,1266
7/27/2001,26.5,24.69,1266
7/20/2001,25.26,23.47,1278
7/13/2001,27.07,24.47,1293
7/6/2001,26.87,25.9,1275
6/29/2001,26.37,26.63,1275
6/22/2001,27.09,26.82,1277
6/15/2001,28.9,28.87,1266
6/8/2001,27.98,28.87,1264
6/1/2001,28.44,28.86,1270
5/25/2001,28.92,29.31,1262
5/18/2001,29.08,28.34,1225
5/11/2001,28.12,27.77,1232
5/4/2001,28.36,27.28,1217
4/27/2001,26.99,26.05,1212
4/20/2001,27.89,26.27,1213
4/13/2001,28.27,26,1198
4/6/2001,26.76,24,1200
3/30/2001,26.86,24.04,1193
3/23/2001,26.42,23.48,1163
3/16/2001,27.02,24.33,1151
3/9/2001,28.45,25.93,1158
3/2/2001,27.91,25.26,1151
2/23/2001,28.65,26.29,1121
2/16/2001,29.67,27.63,1147
2/9/2001,30.92,29.62,1137
2/2/2001,29.59,27.19,1138
1/26/2001,31.35,27.15,1116
1/19/2001,30.63,25.37,1128
1/12/2001,28.81,25.02,1121
1/5/2001,27.8,24.05,1107
12/29/2000,26.52,22.48,1114
12/22/2000,27.38,23.48,1087
12/15/2000,29.05,25.94,1107
12/8/2000,29.69,28.28,1088
12/1/2000,34.1,32.53,1090
11/24/2000,35.91,33.46,1064
11/17/2000,35,33.32,1057
11/10/2000,33.46,31.59,1067
11/3/2000,32.78,30.9,1078
10/27/2000,33.92,31.35,1084
10/20/2000,33.48,30.97,1054
10/13/2000,33.9,31.83,1045
10/6/2000,31.27,29.83,1035
9/29/2000,31.13,29.41,1015
9/22/2000,35.49,33.09,998
9/15/2000,34.7,33.26,1012
9/8/2000,34.42,36.43,1012
9/1/2000,33.08,34.32,1019
8/25/2000,32.46,31.77,996
8/18/2000,31.82,30.07,994
8/11/2000,30.14,28.34,976
8/4/2000,28.5,26.48,981
7/28/2000,28.02,26.02,975
7/21/2000,30.65,27.95,950
7/14/2000,30.44,30.53,928
7/7/2000,30.4,30.9,913
6/30/2000,32.12,31.03,920
6/23/2000,33.55,29.78,893
6/16/2000,32.45,29.81,871
6/9/2000,29.79,28.67,840
6/2/2000,29.98,29.64,866
5/26/2000,29.46,29.05,864
5/19/2000,29.88,28.67,849
5/12/2000,28.7,26.9,830
5/5/2000,26.75,24.96,833
4/28/2000,25.95,23.28,798
4/21/2000,26.66,22.99,817
4/14/2000,24.87,21.66,797
4/7/2000,25.6,23.28,775
3/31/2000,26.92,24.33,775
3/24/2000,27.99,25.47,768
3/17/2000,31.29,28.39,764
3/10/2000,32.14,30.3,768
3/3/2000,31.07,29.49,790
2/25/2000,30.1,27.76,760
2/18/2000,29.87,27.81,773
2/11/2000,28.83,27.63,762
2/4/2000,28.08,27.33,757
1/28/2000,28.34,26.99,755
1/21/2000,29.37,26.38,777
1/14/2000,26.27,24.34,781
1/7/2000,24.95,23.64,786
12/31/1999,26.34,25.28,771
12/24/1999,26.07,25.41,797
12/17/1999,26.2,25.44,815
12/10/1999,26.19,25.74,813
12/3/1999,25.46,25.35,796
11/26/1999,27.35,25.82,795
11/19/1999,26.05,25.19,797
11/12/1999,24.22,24.77,774
11/5/1999,22.72,22.22,763
10/29/1999,22.5,21.82,761
10/22/1999,22.65,21.79,750
10/15/1999,22.54,21.78,721
10/8/1999,22.72,22.42,741
10/1/1999,24.58,23.25,730
9/24/1999,24.53,23.02,720
9/17/1999,24.28,23.08,703
9/10/1999,23,21.94,690
9/3/1999,21.88,20.9,671
8/27/1999,21.21,20.25,668
8/20/1999,21.62,20.8,645
8/13/1999,21.44,20.21,627
8/6/1999,20.54,19.44,616
7/30/1999,20.62,19.76,602
7/23/1999,19.89,19.28,605
7/16/1999,20.21,19.25,583
7/9/1999,19.87,18.62,570
7/2/1999,19.04,16.88,580
6/25/1999,18.05,16.03,563
6/18/1999,18.21,16.12,566
6/11/1999,17.96,16.13,547
6/4/1999,16.77,14.49,555
5/28/1999,17.07,14.9,534
5/21/1999,17.18,14.55,518
5/14/1999,18,15.22,507
5/7/1999,18.62,16.48,505
4/30/1999,18.23,16.18,494
4/23/1999,17.93,16.07,488
4/16/1999,16.77,14.7,499
4/9/1999,16.45,14.13,498
4/2/1999,16.61,14.62,503
3/26/1999,15.55,13.57,502
3/19/1999,14.91,12.75,526
3/12/1999,14.19,11.67,534
3/5/1999,12.9,10.79,541
2/26/1999,12.36,10.58,533
2/19/1999,11.66,10.07,531
2/12/1999,11.81,9.88,544
2/5/1999,12.16,10.52,558
1/29/1999,12.46,11.11,562
1/22/1999,12.26,11.04,588
1/15/1999,12.62,11.36,597
1/8/1999,12.67,10.94,600
1/1/1999,11.83,10.41,621
12/25/1998,11,9.78,634
12/18/1998,11.5,9.89,642
12/11/1998,11.16,9.44,667
12/4/1998,11.28,9.85,669
11/27/1998,11.62,10.56,686
11/20/1998,12.4,10.56,686
11/13/1998,13.63,11.36,684
11/6/1998,14.13,11.9,696
10/30/1998,14.34,12.35,708
10/23/1998,13.81,11.74,716
10/16/1998,14.21,12.45,740
10/9/1998,15.02,13.61,750
10/2/1998,15.83,14.43,754
9/25/1998,15.78,14.55,770
9/18/1998,14.88,12.92,773
9/11/1998,14.45,12.61,781
9/4/1998,13.98,12.42,770
8/28/1998,13.65,12.16,790
8/21/1998,13.33,12,771
8/14/1998,13.12,11.39,799
8/7/1998,13.83,12.1,809
7/31/1998,14.24,12.61,822
7/24/1998,13.89,12.12,816
7/17/1998,14.48,12.04,810
7/10/1998,13.94,11.66,819
7/3/1998,14.41,11.87,812
6/26/1998,14.17,11.96,823
6/19/1998,12.04,10.92,863
6/12/1998,13.42,12.46,868
6/5/1998,15.02,13.63,862
5/29/1998,14.99,14.45,822
5/22/1998,13.91,14.56,855
5/15/1998,15.03,14.39,876
5/8/1998,15.48,13.95,845
5/1/1998,15.71,14,876
4/24/1998,14.5,13.64,880
4/17/1998,15.53,13.55,898
4/10/1998,15.55,12.99,889
4/3/1998,15.98,13.79,875
3/27/1998,16.42,14.61,890
3/20/1998,14.04,11.95,937
3/13/1998,14.4,12.31,942
3/6/1998,15.23,13.13,957
2/27/1998,15.3,13.32,960
2/20/1998,16.03,13.68,989
2/13/1998,16.25,14.36,972
2/6/1998,16.65,14.92,974
1/30/1998,17.3,15.61,987
1/23/1998,16.02,14.72,996
1/16/1998,16.47,14.92,989
1/9/1998,16.83,15.38,990
1/2/1998,17.58,16,1003
12/26/1997,18.31,17.06,1007
12/19/1997,18.31,17.04,1019
12/12/1997,18.44,17.32,1012
12/5/1997,18.69,17.92,1014
11/28/1997,19.3,18.85,1005
11/21/1997,19.81,19.2,947
11/14/1997,20.66,19.59,994
11/7/1997,20.65,19.14,985
10/31/1997,20.92,19.27,1017
10/24/1997,21,19.56,1003
10/17/1997,21.03,19.55,987
10/10/1997,22.01,20.75,974
10/3/1997,21.62,20.14,1001
9/26/1997,20.12,18.83,998
9/19/1997,19.44,18.22,993
9/12/1997,19.44,18.11,1012
9/5/1997,19.61,18.1,1032
8/29/1997,19.5,17.83,980
8/22/1997,19.92,18.6,1005
8/15/1997,19.99,18.63,999
8/8/1997,20.35,19.17,987
8/1/1997,20.13,18.96,995
7/25/1997,19.52,18.57,984
7/18/1997,19.49,18.26,962
7/11/1997,19.44,18.17,964
7/4/1997,19.95,18.41,965
6/27/1997,19,17.74,966
6/20/1997,18.93,17.27,966
6/13/1997,18.88,16.88,982
6/6/1997,20.12,18.3,988
5/30/1997,20.9,19.15,961
5/23/1997,21.43,19.91,948
5/16/1997,21.45,19.42,917
5/9/1997,19.94,18.06,913
5/2/1997,19.99,18.08,881
4/25/1997,19.85,17.76,889
4/18/1997,19.65,17.33,885
4/11/1997,19.38,17.14,913
4/4/1997,19.76,17.84,918
3/28/1997,20.83,18.73,915
3/21/1997,21.72,19.51,905
3/14/1997,20.64,19.1,885
3/7/1997,20.77,19.36,882
2/28/1997,20.83,19.83,840
2/21/1997,22.18,20.54,863
2/14/1997,22.21,20.83,860
2/7/1997,23.49,22.53,833
1/31/1997,24.24,22.98,815
1/24/1997,24.4,22.9,815
1/17/1997,25.42,23.23,818
1/10/1997,26.3,24.67,825
1/3/1997,25.59,24.12,845
12/27/1996,25.44,23.57,851
12/20/1996,26.02,23.97,858
12/13/1996,24.2,23.27,841
12/6/1996,25.14,24.18,856
11/29/1996,24.21,23.05,861
11/22/1996,24.03,23.21,851
11/15/1996,23.9,22.88,849
11/8/1996,22.92,21.99,838
11/1/1996,23.91,23.2,839
10/25/1996,25.15,24.7,853
10/18/1996,25.45,24.77,845
10/11/1996,24.93,24.18,827
10/4/1996,24.44,23.59,819
9/27/1996,24.33,22.85,822
9/20/1996,23.52,22.11,825
9/13/1996,24.42,23.08,808
9/6/1996,23.48,22.18,790
8/30/1996,21.82,20.78,812
8/23/1996,22.5,21.15,828
8/16/1996,22.25,20.95,805
8/9/1996,21.35,19.73,809
8/2/1996,20.66,19.07,801
7/26/1996,20.96,19.3,774
7/19/1996,21.8,19.93,790
7/12/1996,21.65,19.8,788
7/5/1996,21.4,19.62,782
6/28/1996,20.55,18.8,777
6/21/1996,20.95,18.56,765
6/14/1996,20.15,18.16,773
6/7/1996,20.04,18.31,781
5/31/1996,20.37,18.67,765
5/24/1996,22.24,19.2,775
5/17/1996,21.06,19.06,757
5/10/1996,20.98,19.63,772
5/3/1996,21.16,19.47,749
4/26/1996,23.8,20.28,757
4/19/1996,24.34,20.52,747
4/12/1996,23.95,22.67,735
4/5/1996,22.49,20.94,725
3/29/1996,22.03,20.98,728
3/22/1996,23.16,20.55,725
3/15/1996,20.8,19.3,693
3/8/1996,19.72,18.84,719
3/1/1996,19.49,18.77,707
2/23/1996,21.45,18.79,705
2/16/1996,18.8,17.98,707
2/9/1996,17.72,16.99,695
2/2/1996,17.64,16.64,693
1/26/1996,18.35,17.19,703
1/19/1996,18.64,17.61,716
1/12/1996,19.43,18.53,704
1/5/1996,19.99,19.18,711
12/29/1995,19.44,18.72,745
12/22/1995,19.12,18.14,762
12/15/1995,19.02,17.78,765
12/8/1995,18.74,17.53,772
12/1/1995,18.32,17.21,773
11/24/1995,17.99,16.82,774
11/17/1995,18.06,16.75,779
11/10/1995,17.76,16.79,769
11/3/1995,17.79,16.65,764
10/27/1995,17.56,16.12,761
10/20/1995,17.51,15.96,765
10/13/1995,17.28,15.98,763
10/6/1995,17.29,16.23,754
9/29/1995,17.55,16.37,755
9/22/1995,18.32,16.89,775
9/15/1995,18.72,16.94,759
9/8/1995,18.37,16.69,766
9/1/1995,17.88,16.22,772
8/25/1995,19.02,16.29,763
8/18/1995,17.6,15.89,744
8/11/1995,17.81,16.07,739
8/4/1995,17.72,16.02,732
7/28/1995,17.41,15.75,739
7/21/1995,17.21,15.65,719
7/14/1995,17.34,15.92,720
7/7/1995,17.28,16.11,714
6/30/1995,17.71,16.64,666
6/23/1995,17.88,16.67,684
6/16/1995,18.91,17.76,670
6/9/1995,19.05,17.98,674
6/2/1995,18.92,17.65,677
5/26/1995,19.37,18.24,690
5/19/1995,19.98,18.42,673
5/12/1995,19.74,18.26,689
5/5/1995,20.24,18.81,664
4/28/1995,20.29,19.07,680
4/21/1995,20.26,18.9,685
4/14/1995,19.53,18.37,676
4/7/1995,19.43,18.24,669
3/31/1995,19.12,17.94,648
3/24/1995,18.69,17.17,652
3/17/1995,18.13,16.41,667
3/10/1995,18.27,16.7,675
3/3/1995,18.5,16.93,684
2/24/1995,18.75,17.18,696
2/17/1995,18.55,17.1,724
2/10/1995,18.42,16.97,706
2/3/1995,18.5,16.99,724
1/27/1995,18.34,16.85,731
1/20/1995,18.45,16.88,736
1/13/1995,17.55,16.23,757
1/6/1995,17.62,16.07,766
12/30/1994,17.71,16.19,791
12/23/1994,17.1,15.62,813
12/16/1994,16.86,15.72,807
12/9/1994,16.99,16,841
12/2/1994,17.78,16.85,827
11/25/1994,17.73,17.06,842
11/18/1994,17.51,16.8,839
11/11/1994,18.25,17.46,833
11/4/1994,18.69,17.58,824
10/28/1994,17.93,16.82,813
10/21/1994,17.35,16.21,819
10/14/1994,17.37,16.07,828
10/7/1994,18.13,16.72,828
9/30/1994,17.83,16.35,838
9/23/1994,17.38,15.85,836
9/16/1994,16.93,15.45,804
9/9/1994,17.65,15.91,782
9/2/1994,17.52,15.93,784
8/26/1994,17.23,15.59,768
8/19/1994,17.85,16.43,772
8/12/1994,18.88,17.51,753
8/5/1994,20.09,18.44,771
7/29/1994,19.66,17.82,771
7/22/1994,19.39,17.42,779
7/15/1994,20.16,18.09,773
7/8/1994,19.39,17.06,768
7/1/1994,19.16,17.34,766
6/24/1994,19.8,17.44,761
6/17/1994,19.61,16.67,769
6/10/1994,18.26,16.06,752
6/3/1994,18.24,16.27,742
5/27/1994,18.14,16.35,727
5/20/1994,18.21,16.08,697
5/13/1994,17.93,16.29,722
5/6/1994,17.2,16,719
4/29/1994,16.93,15.84,730
4/22/1994,17.02,15.56,732
4/15/1994,16.07,15.01,720
4/8/1994,15.65,14.34,709
4/1/1994,14.44,13.4,732
3/25/1994,15.15,14.59,725
3/18/1994,14.82,14.18,743
3/11/1994,14.24,13.3,733
3/4/1994,14.68,13.5,743
2/25/1994,14.44,13.24,747
2/18/1994,14.13,13.18,752
2/11/1994,14.87,13.91,764
2/4/1994,15.76,15.13,752
1/28/1994,15.34,14.64,778
1/21/1994,15.02,14.22,778
1/14/1994,14.67,14,792
1/7/1994,15.03,14.18,807
12/31/1993,14.21,13.17,814
12/24/1993,14.4,13.52,843
12/17/1993,14.31,13.99,883
12/10/1993,14.68,13.73,868
12/3/1993,15.21,14.16,876
11/26/1993,16.08,14.87,871
11/19/1993,16.75,15.36,857
11/12/1993,16.71,15.22,872
11/5/1993,17.29,15.76,870
10/29/1993,17.37,15.86,870
10/22/1993,18.12,16.61,860
10/15/1993,18.57,16.96,860
10/8/1993,18.46,16.9,856
10/1/1993,18.33,16.72,856
9/24/1993,17.67,16.03,866
9/17/1993,16.94,15.47,856
9/10/1993,16.96,15.78,835
9/3/1993,18.1,16.53,834
8/27/1993,18.49,16.85,822
8/20/1993,17.84,16.72,805
8/13/1993,17.87,16.61,786
8/6/1993,17.67,16.6,776
7/30/1993,18.18,16.95,776
7/23/1993,17.54,16.68,765
7/16/1993,17.72,16.66,720
7/9/1993,18.02,16.8,713
7/2/1993,18.61,17.15,732
6/25/1993,18.52,17.2,702
6/18/1993,18.76,17.31,681
6/11/1993,19.43,18.06,711
6/4/1993,19.95,18.34,686
5/28/1993,19.84,18.25,671
5/21/1993,19.43,18.15,641
5/14/1993,20.06,18.76,619
5/7/1993,20.47,18.97,617
4/30/1993,20.3,18.67,609
4/23/1993,19.95,18.56,608
4/16/1993,20.28,18.67,603
4/9/1993,20.37,18.71,615
4/2/1993,20.44,18.73,627
3/26/1993,20,18.42,610
3/19/1993,20.14,18.66,614
3/12/1993,20.45,19.02,600
3/5/1993,20.69,19.15,620
2/26/1993,20.4,18.81,663
2/19/1993,19.51,18.05,656
2/12/1993,20.13,18.45,698
2/5/1993,20.22,18.58,720
1/29/1993,19.9,18,762
1/22/1993,18.61,16.98,794
1/15/1993,18.62,17.05,838
1/8/1993,19,17.51,903
1/1/1993,19.63,17.87,922
12/25/1992,19.91,18.23,928
12/18/1992,19.38,18.04,935
12/11/1992,19.01,18.12,930
12/4/1992,19.38,18.57,914
11/27/1992,20.16,19.12,899
11/20/1992,20.35,19.28,890
11/13/1992,20.37,19.25,885
11/6/1992,20.52,19.19,853
10/30/1992,20.95,19.55,838
10/23/1992,21.58,20.37,830
10/16/1992,22.25,20.76,803
10/9/1992,21.9,20.33,787
10/2/1992,21.81,20.26,756
9/25/1992,21.71,20.35,755
9/18/1992,22.21,20.45,720
9/11/1992,21.94,20.28,687
9/4/1992,21.66,19.9,706
8/28/1992,21.43,19.62,668
8/21/1992,21.39,19.79,689
8/14/1992,21.18,19.68,678
8/7/1992,21.34,19.88,709
7/31/1992,21.95,20.58,690
7/24/1992,21.95,20.26,688
7/17/1992,21.58,20.02,689
7/10/1992,21.48,19.95,667
7/3/1992,22.03,20.62,648
6/26/1992,22.68,21.31,645
6/19/1992,22.26,21.16,632
6/12/1992,22.35,21.21,596
6/5/1992,22.38,21.08,610
5/29/1992,21.98,20.68,629
5/22/1992,20.49,19.49,638
5/15/1992,20.8,19.79,652
5/8/1992,20.86,19.76,635
5/1/1992,20.63,19.37,634
4/24/1992,20.06,18.86,623
4/17/1992,20.06,18.86,639
4/10/1992,20.43,19.01,648
4/3/1992,19.73,18.52,658
3/27/1992,19.09,17.75,639
3/20/1992,19.1,17.73,643
3/13/1992,18.76,17.4,649
3/6/1992,18.55,17.28,660
2/28/1992,18.51,17.42,673
2/21/1992,18.62,17.74,667
2/14/1992,19.49,18.58,661
2/7/1992,19.42,18.47,674
1/31/1992,19.05,18.28,653
1/24/1992,18.66,18.11,686
1/17/1992,18.81,18.37,716
1/10/1992,18.41,17.77,732
1/3/1992,19.11,18.18,764
12/27/1991,18.68,17.73,770
12/20/1991,19.2,18.31,797
12/13/1991,19.64,18.45,802
12/6/1991,20.55,19.24,814
11/29/1991,21.49,19.85,822
11/22/1991,22.04,20.76,828
11/15/1991,22.57,21.36,803
11/8/1991,23.47,22.18,796
11/1/1991,23.32,22.05,793
10/25/1991,23.46,22.54,801
10/18/1991,23.82,22.75,797
10/11/1991,23.08,22.11,796
10/4/1991,22.41,21.49,786
9/27/1991,22.24,20.94,775
9/20/1991,21.85,20.47,770
9/13/1991,21.54,20.08,758
9/6/1991,21.84,20.34,798
8/30/1991,21.98,20.17,799
8/23/1991,21.99,20.09,792
8/16/1991,21.44,19.39,797
8/9/1991,21.5,19.52,796
8/2/1991,21.46,19.57,831
7/26/1991,21.4,19.66,845
7/19/1991,21.91,20.02,828
7/12/1991,21.43,19.24,844
7/5/1991,20.8,18.55,859
6/28/1991,20.21,18.2,881
6/21/1991,20.08,18.06,866
6/14/1991,19.84,17.86,871
6/7/1991,20.63,18.55,850
5/31/1991,21.21,18.87,824
5/24/1991,21.04,18.82,846
5/17/1991,20.95,18.9,818
5/10/1991,21.69,19.81,802
5/3/1991,21.23,19.72,805
4/26/1991,21.19,19.63,824
4/19/1991,21.48,19.71,835
4/12/1991,20.89,19.17,874
4/5/1991,19.63,17.95,881
3/29/1991,19.58,18.28,910
3/22/1991,20.3,18.8,911
3/15/1991,19.89,19.28,908
3/8/1991,19.86,19.77,948
3/1/1991,18.73,18.66,949
2/22/1991,19.38,18.13,967
2/15/1991,22.12,20.44,977
2/8/1991,21.3,20.63,997
2/1/1991,21.41,20.72,996
1/25/1991,24.08,20.77,1051
1/18/1991,26.85,25.86,1065
1/11/1991,27.55,25.33,1048
1/4/1991,26.38,26.07,1108
12/28/1990,27.21,27.47,1086
12/21/1990,27.56,27.67,1089
12/14/1990,26.39,28.06,1151
12/7/1990,27.72,29.72,1179
11/30/1990,32.32,33.98,1175
11/23/1990,30.69,31.01,1175
11/16/1990,31.5,32.24,1103
11/9/1990,33.89,34.13,1124
11/2/1990,34.95,35.03,1144
10/26/1990,31.32,30.63,1107
10/19/1990,36.84,36.28,1089
10/12/1990,39.88,40.27,1056
10/5/1990,36.64,37.64,1064
9/28/1990,39.16,40.79,1047
9/21/1990,34.21,35.71,1055
9/14/1990,30.99,32.01,1060
9/7/1990,29.67,31.09,1039
8/31/1990,27.13,27.65,1012
8/24/1990,30.08,30.48,1002
8/17/1990,27.27,27.18,987
8/10/1990,27.32,26.4,992
8/3/1990,21.98,20.9,966
7/27/1990,19.89,18.91,996
7/20/1990,18.83,17.77,1022
7/13/1990,17.64,15.83,1001
7/6/1990,16.68,15.39,1011
6/29/1990,16.84,15.52,1020
6/22/1990,15.9,14.9,1021
6/15/1990,17.11,15.01,999
6/8/1990,16.77,14.93,991
6/1/1990,17.72,15.55,983
5/25/1990,16.83,16.12,1001
5/18/1990,19.19,17.24,972
5/11/1990,18.71,16.34,941
5/4/1990,18.37,16.17,930
4/27/1990,18.2,16.65,927
4/20/1990,17.6,15.88,932
4/13/1990,17.96,15.89,934
4/6/1990,19.83,17.8,937
3/30/1990,20.26,18.04,946
3/23/1990,19.73,17.81,893
3/16/1990,20.19,18.41,908
3/9/1990,21.01,18.94,923
3/2/1990,21.51,19.17,894
2/23/1990,21.81,19.45,897
2/16/1990,22.27,19.82,918
2/9/1990,22.23,20.26,899
2/2/1990,22.7,20.65,931
1/26/1990,23.08,20.49,937
1/19/1990,22.71,21.05,964
1/12/1990,22.62,21.67,1019
1/5/1990,23.29,22.37,1029
12/29/1989,21.78,20.93,1042
12/22/1989,21.76,20.22,1061
12/15/1989,20.81,19.62,1079
12/8/1989,20.36,19.24,1058
12/1/1989,19.7,18.41,1062
11/24/1989,20.02,18.59,1037
11/17/1989,19.74,18.72,1040
11/10/1989,19.89,18.93,1045
11/3/1989,19.99,19.07,1042
10/27/1989,19.65,18.75,1010
10/20/1989,20.46,19.37,992
10/13/1989,20.37,18.9,981
10/6/1989,20.03,18.59,960
9/29/1989,19.77,17.72,978
9/22/1989,19.63,17.83,967
9/15/1989,19.8,17.94,965
9/8/1989,19.31,17.66,950
9/1/1989,18.77,17.15,936
8/25/1989,18.96,17.02,909
8/18/1989,18.77,16.93,903
8/11/1989,18.25,16.54,858
8/4/1989,18.15,16.24,874
7/28/1989,18.34,16.7,870
7/21/1989,20.06,17.95,830
7/14/1989,20.42,17.72,820
7/7/1989,20.59,18.38,825
6/30/1989,20.25,18.18,817
6/23/1989,19.95,17.24,810
6/16/1989,19.94,16.9,795
6/9/1989,20.08,18.19,791
6/2/1989,19.89,18.05,784
5/26/1989,20.28,17.82,749
5/19/1989,20.42,18.9,737
5/12/1989,19.75,19.04,771
5/5/1989,20.23,19.28,764
4/28/1989,20.87,20.84,751
4/21/1989,22.73,21.09,767
4/14/1989,20.56,19.8,758
4/7/1989,20.11,19.56,778
3/31/1989,20.4,19.91,779
3/24/1989,20,19.59,766
3/17/1989,19.71,18.81,740
3/10/1989,18.5,17.65,743
3/3/1989,18.4,17.44,761
2/24/1989,18.46,17.14,757
2/17/1989,18.08,16.88,766
2/10/1989,17.39,16.57,746
2/3/1989,17.41,16.67,780
1/27/1989,17.85,17.33,797
1/20/1989,19.05,17.9,789
1/13/1989,18.06,16.98,840
1/6/1989,17.35,16.59,872
12/30/1988,16.99,16.12,908
12/23/1988,17.04,15.31,940
12/16/1988,16.31,15.38,930
12/9/1988,15.61,14.76,922
12/2/1988,15.33,14.61,905
11/25/1988,14.43,13.3,911
11/18/1988,13.75,12.57,923
11/11/1988,13.93,12.82,897
11/4/1988,13.75,12.48,942
10/28/1988,13.44,12.26,923
10/21/1988,14.76,13.36,933
10/14/1988,14.08,12.55,925
10/7/1988,12.85,11.42,914
9/30/1988,13.94,12.57,918
9/23/1988,14.9,13.09,917
9/16/1988,14.75,13.35,921
9/9/1988,14.4,13.35,938
9/2/1988,15.13,14.3,933
8/26/1988,15.54,14.76,935
8/19/1988,15.58,14.81,937
8/12/1988,15.67,15.22,940
8/5/1988,15.45,15.06,945
7/29/1988,16.14,15.62,894
7/22/1988,15.86,15.37,903
7/15/1988,14.64,14.22,899
7/8/1988,15.45,14.62,926
7/1/1988,15.47,14.49,921
6/24/1988,15.95,15.09,894
6/17/1988,16.58,15.6,905
6/10/1988,17.15,16.18,889
6/3/1988,17.55,16.31,898
5/27/1988,17.29,16.23,905
5/20/1988,17.53,16.46,892
5/13/1988,17.51,16.45,883
5/6/1988,17.34,16.16,897
4/29/1988,18.25,17.04,880
4/22/1988,18.16,17.09,908
4/15/1988,18.15,16.55,904
4/8/1988,16.89,15.49,916
4/1/1988,17.07,15.63,941
3/25/1988,16.58,15.38,935
3/18/1988,16.08,14.48,943
3/11/1988,15.74,14.21,946
3/4/1988,15.64,14.14,978
2/26/1988,16.33,15.16,983
2/19/1988,16.7,15.64,978
2/12/1988,17.24,16.18,968
2/5/1988,17.08,16.14,986
1/29/1988,16.92,16.24,964
1/22/1988,17.2,16.91,1026
1/15/1988,16.79,16.44,1054
1/8/1988,17.6,17.45,1102
1/1/1988,16.78,17.46,1121
12/25/1987,16.23,16.61,1145
12/18/1987,16.35,15.91,1168
12/11/1987,18.34,17.61,1181
12/4/1987,18.62,17.8,1152
11/27/1987,18.83,17.78,1161
11/20/1987,18.6,17.47,1152
11/13/1987,18.88,17.74,1174
11/6/1987,19.17,18.15,1141
10/30/1987,20.03,18.79,1131
10/23/1987,19.98,18.98,1130
10/16/1987,19.82,18.69,1134
10/9/1987,19.65,18.64,1104
10/2/1987,19.64,18.56,1127
9/25/1987,19.57,18.5,1094
9/18/1987,19.63,18.39,1101
9/11/1987,19.38,17.93,1108
9/4/1987,19.56,18.35,1099
8/28/1987,19.42,17.92,1049
8/21/1987,19.61,18.5,1012
8/14/1987,20.8,19.41,998
8/7/1987,21.52,20.16,983
7/31/1987,21.25,19.86,973
7/24/1987,21.5,20.19,917
7/17/1987,22.03,20.2,922
